{"Rendah": 728050.2338461538, "Sedang": 1559269.7, "Tinggi": 2429902.1882828283}